{"text": " Oui, je vous donne le rep\u00e8re pr\u00e9cis pour ce cours.", "segments": [{"id": 0, "seek": 0, "start": 0.0, "end": 2.64, "text": " Oui, je vous donne le rep\u00e8re pr\u00e9cis pour ce cours.", "tokens": [50364, 14005, 11, 1506, 2630, 21837, 476, 1085, 4212, 49436, 2016, 1769, 25452, 13, 50496], "temperature": 0.0, "avg_logprob": -0.2511743903160095, "compression_ratio": 0.8813559322033898, "no_speech_prob": 0.01603573188185692}], "language": "French"}