{"text": " l'AMS \u00e0 8 camps plus au Qu\u00e9bec.", "segments": [{"id": 0, "seek": 0, "start": 0.0, "end": 1.8, "text": " l'AMS \u00e0 8 camps plus au Qu\u00e9bec.", "tokens": [50364, 287, 6, 2865, 50, 1531, 1649, 16573, 1804, 1609, 34510, 13, 50454], "temperature": 0.0, "avg_logprob": -0.4227625983101981, "compression_ratio": 0.8048780487804879, "no_speech_prob": 0.036488115787506104}], "language": "French"}