{"text": " Oui, je peux vous orienter vers le bon contact pour joindre Julie, sans pr\u00e9tendre la transf\u00e9rer directement.", "segments": [{"id": 0, "seek": 0, "start": 0.0, "end": 3.84, "text": " Oui, je peux vous orienter vers le bon contact pour joindre Julie,", "tokens": [50364, 14005, 11, 1506, 14844, 2630, 8579, 260, 1774, 476, 4428, 3385, 2016, 1488, 28786, 18794, 11, 50556], "temperature": 0.0, "avg_logprob": -0.26030691464742023, "compression_ratio": 1.1111111111111112, "no_speech_prob": 0.006762072443962097}, {"id": 1, "seek": 0, "start": 3.84, "end": 5.84, "text": " sans pr\u00e9tendre la transf\u00e9rer directement.", "tokens": [50556, 12177, 582, 4051, 37850, 635, 22666, 21824, 37297, 13, 50656], "temperature": 0.0, "avg_logprob": -0.26030691464742023, "compression_ratio": 1.1111111111111112, "no_speech_prob": 0.006762072443962097}], "language": "French"}