{"text": " C'est pour commencer en niveau 1 pour suivre vers un autre niveau ou r\u00e9server un cours \u00e0 la carte.", "segments": [{"id": 0, "seek": 0, "start": 0.0, "end": 5.6000000000000005, "text": " C'est pour commencer en niveau 1 pour suivre vers un autre niveau ou r\u00e9server un cours \u00e0 la carte.", "tokens": [50364, 383, 6, 377, 2016, 32817, 465, 19144, 502, 2016, 43404, 1774, 517, 15081, 19144, 2820, 14415, 38241, 517, 25452, 1531, 635, 31483, 13, 50644], "temperature": 0.0, "avg_logprob": -0.23342715776883638, "compression_ratio": 1.1363636363636365, "no_speech_prob": 0.005844804923981428}], "language": "French"}