{"text": " Oui, je peux vous guider vers le bon lien d'inscription officielle sans rien soumettre \u00e0 votre place.", "segments": [{"id": 0, "seek": 0, "start": 0.0, "end": 5.2, "text": " Oui, je peux vous guider vers le bon lien d'inscription officielle sans rien soumettre \u00e0 votre place.", "tokens": [50364, 14005, 11, 1506, 14844, 2630, 695, 1438, 1774, 476, 4428, 32553, 274, 6, 1292, 12432, 2832, 16033, 12177, 13355, 6926, 76, 40681, 1531, 10087, 1081, 13, 50624], "temperature": 0.0, "avg_logprob": -0.14519804921643487, "compression_ratio": 1.096774193548387, "no_speech_prob": 0.03754463419318199}], "language": "French"}