{"text": " Le niveau 2 est \u00e0 $7,345 ou \u00e0 partir de $111 par semaine.", "segments": [{"id": 0, "seek": 0, "start": 0.0, "end": 5.0, "text": " Le niveau 2 est \u00e0 $7,345 ou \u00e0 partir de $111 par semaine.", "tokens": [50364, 1456, 19144, 568, 871, 1531, 1848, 22, 11, 18, 8465, 2820, 1531, 13906, 368, 1848, 5348, 16, 971, 28681, 13, 50614], "temperature": 0.0, "avg_logprob": -0.22056693616120712, "compression_ratio": 0.9516129032258065, "no_speech_prob": 0.0020324732176959515}], "language": "French"}