{"text": " All\u00f4, je suis Scarlett.", "segments": [{"id": 0, "seek": 0, "start": 0.0, "end": 1.6, "text": " All\u00f4, je suis Scarlett.", "tokens": [50364, 1057, 2851, 11, 1506, 7624, 23181, 32547, 13, 50444], "temperature": 0.0, "avg_logprob": -0.3593031493100253, "compression_ratio": 0.75, "no_speech_prob": 0.03451240435242653}], "language": "French"}