{"text": " Oui, l'AMS offre l'aromatherapie comme formation \u00e0 la carte.", "segments": [{"id": 0, "seek": 0, "start": 0.0, "end": 3.52, "text": " Oui, l'AMS offre l'aromatherapie comme formation \u00e0 la carte.", "tokens": [50364, 14005, 11, 287, 6, 2865, 50, 766, 265, 287, 6, 289, 298, 1172, 569, 414, 5173, 11723, 1531, 635, 31483, 13, 50540], "temperature": 0.0, "avg_logprob": -0.19755452871322632, "compression_ratio": 0.9104477611940298, "no_speech_prob": 0.001103888964280486}], "language": "French"}