{"text": " Bien s\u00fbr, je peux vous orienter vers une personne de l'AMS sans pr\u00e9tendre transf\u00e9rer l'appel moi-m\u00eame.", "segments": [{"id": 0, "seek": 0, "start": 0.0, "end": 3.62, "text": " Bien s\u00fbr, je peux vous orienter vers une personne de l'AMS", "tokens": [50364, 16956, 18143, 11, 1506, 14844, 2630, 8579, 260, 1774, 2251, 17219, 368, 287, 6, 2865, 50, 50545], "temperature": 0.0, "avg_logprob": -0.20969095230102539, "compression_ratio": 1.0392156862745099, "no_speech_prob": 0.006612623110413551}, {"id": 1, "seek": 0, "start": 3.62, "end": 6.12, "text": " sans pr\u00e9tendre transf\u00e9rer l'appel moi-m\u00eame.", "tokens": [50545, 12177, 582, 4051, 37850, 22666, 21824, 287, 6, 1746, 338, 7748, 12, 27770, 13, 50670], "temperature": 0.0, "avg_logprob": -0.20969095230102539, "compression_ratio": 1.0392156862745099, "no_speech_prob": 0.006612623110413551}], "language": "French"}