{"text": " pas bien entendu, pouvez-vous me le redire ?", "segments": [{"id": 0, "seek": 0, "start": 0.0, "end": 2.8000000000000003, "text": " pas bien entendu, pouvez-vous me le redire ?", "tokens": [50364, 1736, 3610, 41489, 11, 18248, 12, 16514, 385, 476, 2182, 621, 2506, 50504], "temperature": 0.0, "avg_logprob": -0.31560459136962893, "compression_ratio": 0.8461538461538461, "no_speech_prob": 0.11341971904039383}], "language": "French"}