{"text": " Pas de probl\u00e8me, je le reformule plus simplement.", "segments": [{"id": 0, "seek": 0, "start": 0.0, "end": 2.8000000000000003, "text": " Pas de probl\u00e8me, je le reformule plus simplement.", "tokens": [50364, 14199, 368, 21111, 11, 1506, 476, 8290, 2271, 1804, 24208, 13, 50504], "temperature": 0.0, "avg_logprob": -0.2894196850912912, "compression_ratio": 0.8771929824561403, "no_speech_prob": 0.04283786937594414}], "language": "French"}