{"text": " Oui, on peut avancer comme... On peut... Oui, oui, oui, oui, oui, oui, oui, oui, oui, oui...", "segments": [{"id": 0, "seek": 0, "start": 0.0, "end": 5.0, "text": " Oui, on peut avancer comme...", "tokens": [50364, 14005, 11, 322, 5977, 1305, 28347, 5173, 485, 50614], "temperature": 0.0, "avg_logprob": -0.6284087833605314, "compression_ratio": 1.9166666666666667, "no_speech_prob": 0.05785961449146271}, {"id": 1, "seek": 0, "start": 5.0, "end": 8.0, "text": " On peut...", "tokens": [50614, 1282, 5977, 485, 50764], "temperature": 0.0, "avg_logprob": -0.6284087833605314, "compression_ratio": 1.9166666666666667, "no_speech_prob": 0.05785961449146271}, {"id": 2, "seek": 0, "start": 8.0, "end": 12.0, "text": " Oui, oui, oui, oui, oui, oui, oui, oui, oui, oui...", "tokens": [50764, 14005, 11, 14367, 11, 14367, 11, 14367, 11, 14367, 11, 14367, 11, 14367, 11, 14367, 11, 14367, 11, 14367, 485, 50964], "temperature": 0.0, "avg_logprob": -0.6284087833605314, "compression_ratio": 1.9166666666666667, "no_speech_prob": 0.05785961449146271}], "language": "French"}