{"text": " C'est le prix, le choix du programme, le campus ou l'inscription qui n'est pas claire.", "segments": [{"id": 0, "seek": 0, "start": 0.0, "end": 5.44, "text": " C'est le prix, le choix du programme, le campus ou l'inscription qui n'est pas claire.", "tokens": [50364, 383, 6, 377, 476, 31061, 11, 476, 32688, 1581, 14001, 11, 476, 4828, 2820, 287, 6, 1292, 12432, 1956, 297, 6, 377, 1736, 3583, 621, 13, 50636], "temperature": 0.0, "avg_logprob": -0.16222560816797718, "compression_ratio": 1.0617283950617284, "no_speech_prob": 0.02496919594705105}], "language": "French"}