{"text": " Oui, pour le sport, je regarde surtout r\u00e9cup\u00e9ration, mobilit\u00e9 et douleur musculaire.", "segments": [{"id": 0, "seek": 0, "start": 0.0, "end": 5.64, "text": " Oui, pour le sport, je regarde surtout r\u00e9cup\u00e9ration, mobilit\u00e9 et douleur musculaire.", "tokens": [50364, 14005, 11, 2016, 476, 7282, 11, 1506, 33357, 19903, 43113, 27901, 11, 15891, 5066, 1030, 2482, 306, 374, 1038, 2444, 9020, 13, 50646], "temperature": 0.0, "avg_logprob": -0.1934965133666992, "compression_ratio": 1.0481927710843373, "no_speech_prob": 0.0031899744644761086}], "language": "French"}