{"text": " Je peux vous aider avec les formations, les prix, les campus, l'inscription et le bon parcours.", "segments": [{"id": 0, "seek": 0, "start": 0.0, "end": 5.36, "text": " Je peux vous aider avec les formations, les prix, les campus, l'inscription et le bon parcours.", "tokens": [50364, 2588, 14844, 2630, 36669, 4163, 1512, 39652, 11, 1512, 31061, 11, 1512, 4828, 11, 287, 6, 1292, 12432, 1030, 476, 4428, 30511, 5067, 13, 50632], "temperature": 0.0, "avg_logprob": -0.16726583904690212, "compression_ratio": 1.144578313253012, "no_speech_prob": 0.011404483579099178}], "language": "French"}