{"text": " Oui, je vous donne l'adresse du campus demand\u00e9.", "segments": [{"id": 0, "seek": 0, "start": 0.0, "end": 2.52, "text": " Oui, je vous donne l'adresse du campus demand\u00e9.", "tokens": [50364, 14005, 11, 1506, 2630, 21837, 287, 6, 345, 22603, 1581, 4828, 48468, 13, 50490], "temperature": 0.0, "avg_logprob": -0.20657867193222046, "compression_ratio": 0.8888888888888888, "no_speech_prob": 0.021241795271635056}], "language": "French"}