{"text": " Il y a huit campus de la MS au Qu\u00e9bec.", "segments": [{"id": 0, "seek": 0, "start": 0.0, "end": 2.0, "text": " Il y a huit campus de la MS au Qu\u00e9bec.", "tokens": [50364, 4416, 288, 257, 276, 1983, 4828, 368, 635, 7395, 1609, 34510, 13, 50464], "temperature": 0.0, "avg_logprob": -0.294236691792806, "compression_ratio": 0.8297872340425532, "no_speech_prob": 0.013088774867355824}], "language": "French"}