{"text": " C'est pour le niveau 1, un autre niveau ou un cours \u00e0 la carte ?", "segments": [{"id": 0, "seek": 0, "start": 0.0, "end": 3.88, "text": " C'est pour le niveau 1, un autre niveau ou un cours \u00e0 la carte ?", "tokens": [50364, 383, 6, 377, 2016, 476, 19144, 502, 11, 517, 15081, 19144, 2820, 517, 25452, 1531, 635, 31483, 2506, 50558], "temperature": 0.0, "avg_logprob": -0.2654429617382231, "compression_ratio": 1.0317460317460319, "no_speech_prob": 0.010375344194471836}], "language": "French"}