{"text": " Je vous le redis simplement.", "segments": [{"id": 0, "seek": 0, "start": 0.0, "end": 2.0, "text": " Je vous le redis simplement.", "tokens": [50364, 2588, 2630, 476, 2182, 271, 24208, 13, 50464], "temperature": 0.0, "avg_logprob": -0.36759076118469236, "compression_ratio": 0.7777777777777778, "no_speech_prob": 0.2547844350337982}], "language": "French"}