{"text": " L'AMS contuit campus au Qu\u00e9bec.", "segments": [{"id": 0, "seek": 0, "start": 0.0, "end": 2.2, "text": " L'AMS contuit campus au Qu\u00e9bec.", "tokens": [50364, 441, 6, 2865, 50, 660, 1983, 4828, 1609, 34510, 13, 50474], "temperature": 0.0, "avg_logprob": -0.39823143298809344, "compression_ratio": 0.8, "no_speech_prob": 0.03634784743189812}], "language": "French"}