{"text": " D'accord, je vous le redis simplement.", "segments": [{"id": 0, "seek": 0, "start": 0.0, "end": 2.44, "text": " D'accord, je vous le redis simplement.", "tokens": [50364, 413, 6, 19947, 11, 1506, 2630, 476, 2182, 271, 24208, 13, 50486], "temperature": 0.0, "avg_logprob": -0.27649169308798655, "compression_ratio": 0.8260869565217391, "no_speech_prob": 0.03586921468377113}], "language": "French"}