{"text": " Oui, il y a des options de paiement et du financement peut-\u00eatre disponibles.", "segments": [{"id": 0, "seek": 0, "start": 0.0, "end": 3.6, "text": " Oui, il y a des options de paiement et du financement peut-\u00eatre disponibles.", "tokens": [50364, 14005, 11, 1930, 288, 257, 730, 3956, 368, 2502, 414, 518, 1030, 1581, 10719, 518, 5977, 12, 9498, 23311, 14428, 13, 50544], "temperature": 0.0, "avg_logprob": -0.1650816003481547, "compression_ratio": 1.0, "no_speech_prob": 0.007348627783358097}], "language": "French"}