{"text": " Le niveau 3 est \u00e0 $3,595 ou \u00e0 partir de $97 par semaine.", "segments": [{"id": 0, "seek": 0, "start": 0.0, "end": 5.28, "text": " Le niveau 3 est \u00e0 $3,595 ou \u00e0 partir de $97 par semaine.", "tokens": [50364, 1456, 19144, 805, 871, 1531, 1848, 18, 11, 20, 15718, 2820, 1531, 13906, 368, 1848, 23247, 971, 28681, 13, 50628], "temperature": 0.0, "avg_logprob": -0.2406747124411843, "compression_ratio": 0.9508196721311475, "no_speech_prob": 0.005626318510621786}], "language": "French"}