{"text": " Oui, \u00e7a d\u00e9pend du niveau. Je vous donne les rep\u00e8res.", "segments": [{"id": 0, "seek": 0, "start": 0.0, "end": 3.72, "text": " Oui, \u00e7a d\u00e9pend du niveau. Je vous donne les rep\u00e8res.", "tokens": [50364, 14005, 11, 2788, 45768, 1581, 19144, 13, 2588, 2630, 21837, 1512, 1085, 13927, 13, 50550], "temperature": 0.0, "avg_logprob": -0.23068680482752182, "compression_ratio": 0.873015873015873, "no_speech_prob": 0.0025042551569640636}], "language": "French"}