{"text": " \u00c7a va tr\u00e8s bien, merci. Quelle information AMS souhaitez-vous v\u00e9rifier ?", "segments": [{"id": 0, "seek": 0, "start": 0.0, "end": 1.48, "text": " \u00c7a va tr\u00e8s bien, merci.", "tokens": [50364, 11527, 2773, 5732, 3610, 11, 30532, 13, 50438], "temperature": 0.0, "avg_logprob": -0.45000576972961426, "compression_ratio": 0.9036144578313253, "no_speech_prob": 0.04698435217142105}, {"id": 1, "seek": 0, "start": 1.68, "end": 3.8000000000000003, "text": " Quelle information AMS souhaitez-vous v\u00e9rifier ?", "tokens": [50448, 4493, 2447, 1589, 6475, 50, 45214, 32049, 12, 16514, 46919, 9902, 2506, 50554], "temperature": 0.0, "avg_logprob": -0.45000576972961426, "compression_ratio": 0.9036144578313253, "no_speech_prob": 0.04698435217142105}], "language": "French"}