{"text": " Bien s\u00fbr, je vous regroupe les options \u00e0 la carte par th\u00e8me pour que ce soit plus facile \u00e0 comparer.", "segments": [{"id": 0, "seek": 0, "start": 0.0, "end": 4.88, "text": " Bien s\u00fbr, je vous regroupe les options \u00e0 la carte par th\u00e8me pour que ce soit plus facile \u00e0 comparer.", "tokens": [50364, 16956, 18143, 11, 1506, 2630, 319, 861, 23266, 1512, 3956, 1531, 635, 31483, 971, 258, 8433, 2016, 631, 1769, 12703, 1804, 23670, 1531, 6311, 260, 13, 50608], "temperature": 0.0, "avg_logprob": -0.14592858018546268, "compression_ratio": 1.0947368421052632, "no_speech_prob": 0.005216560326516628}], "language": "French"}