{"text": " Niveau 1 plus Niveau 2, le total est $12,340.", "segments": [{"id": 0, "seek": 0, "start": 0.0, "end": 5.5, "text": " Niveau 1 plus Niveau 2, le total est $12,340.", "tokens": [50364, 426, 488, 1459, 502, 1804, 426, 488, 1459, 568, 11, 476, 3217, 871, 1848, 4762, 11, 18, 5254, 13, 50639], "temperature": 0.0, "avg_logprob": -0.2730603434822776, "compression_ratio": 0.9375, "no_speech_prob": 0.008122951723635197}], "language": "French"}