{"text": " Le niveau 1 est \u00e0 $4,995 ou \u00e0 partir de $104 par semaine.", "segments": [{"id": 0, "seek": 0, "start": 0.0, "end": 5.0, "text": " Le niveau 1 est \u00e0 $4,995 ou \u00e0 partir de $104 par semaine.", "tokens": [50364, 1456, 19144, 502, 871, 1531, 1848, 19, 11, 8494, 20, 2820, 1531, 13906, 368, 1848, 3279, 19, 971, 28681, 13, 50614], "temperature": 0.0, "avg_logprob": -0.27407212879346765, "compression_ratio": 0.9516129032258065, "no_speech_prob": 0.0023769319523125887}], "language": "French"}