{"text": " D\u00e9sol\u00e9, je n'ai pas bien entendu. Pouvez-vous r\u00e9p\u00e9ter ?", "segments": [{"id": 0, "seek": 0, "start": 0.0, "end": 3.08, "text": " D\u00e9sol\u00e9, je n'ai pas bien entendu. Pouvez-vous r\u00e9p\u00e9ter ?", "tokens": [50364, 413, 2191, 47530, 11, 1506, 297, 6, 1301, 1736, 3610, 41489, 13, 430, 8162, 89, 12, 16514, 14243, 526, 391, 2506, 50518], "temperature": 0.0, "avg_logprob": -0.19541561603546143, "compression_ratio": 0.8676470588235294, "no_speech_prob": 0.03587350994348526}], "language": "French"}