{"text": " L'\u00e9cole a huit campus au Qu\u00e9bec.", "segments": [{"id": 0, "seek": 0, "start": 0.0, "end": 1.72, "text": " L'\u00e9cole a huit campus au Qu\u00e9bec.", "tokens": [50364, 441, 6, 42415, 257, 276, 1983, 4828, 1609, 34510, 13, 50450], "temperature": 0.0, "avg_logprob": -0.3930503038259653, "compression_ratio": 0.8095238095238095, "no_speech_prob": 0.024746332317590714}], "language": "French"}