{"text": " Je peux vous situer le campus probablement le plus proche, avec une estimation locale.", "segments": [{"id": 0, "seek": 0, "start": 0.0, "end": 4.64, "text": " Je peux vous situer le campus probablement le plus proche, avec une estimation locale.", "tokens": [50364, 2588, 14844, 2630, 2054, 260, 476, 4828, 21759, 518, 476, 1804, 447, 1876, 11, 4163, 2251, 35701, 1628, 1220, 13, 50596], "temperature": 0.0, "avg_logprob": -0.18606905315233313, "compression_ratio": 1.1168831168831168, "no_speech_prob": 0.0058864387683570385}], "language": "French"}