{"text": " Les trois niveaux ensemble totalisent $15,935.", "segments": [{"id": 0, "seek": 0, "start": 0.0, "end": 3.72, "text": " Les trois niveaux ensemble totalisent $15,935.", "tokens": [50364, 6965, 19758, 11461, 7511, 19492, 3217, 271, 317, 1848, 5211, 11, 24, 8794, 13, 50550], "temperature": 0.0, "avg_logprob": -0.35538168514476104, "compression_ratio": 0.8518518518518519, "no_speech_prob": 0.005846466403454542}], "language": "French"}