{"text": " Je comprends. Je peux vous montrer les options de paiement sans vous pousser.", "segments": [{"id": 0, "seek": 0, "start": 0.0, "end": 4.0, "text": " Je comprends. Je peux vous montrer les options de paiement sans vous pousser.", "tokens": [50364, 2588, 30765, 82, 13, 2588, 14844, 2630, 33116, 1512, 3956, 368, 2502, 414, 518, 12177, 2630, 39140, 12484, 13, 50564], "temperature": 0.0, "avg_logprob": -0.17081390727650037, "compression_ratio": 1.0547945205479452, "no_speech_prob": 0.010861415416002274}], "language": "French"}