{"text": " Oui, je peux vous guider, mais la place doit \u00eatre confirm\u00e9e par l'AMS.", "segments": [{"id": 0, "seek": 0, "start": 0.0, "end": 4.0, "text": " Oui, je peux vous guider, mais la place doit \u00eatre confirm\u00e9e par l'AMS.", "tokens": [50364, 14005, 11, 1506, 14844, 2630, 695, 1438, 11, 2420, 635, 1081, 19193, 7418, 9064, 3856, 971, 287, 6, 2865, 50, 13, 50564], "temperature": 0.0, "avg_logprob": -0.1505166490872701, "compression_ratio": 0.9113924050632911, "no_speech_prob": 0.006071591284126043}], "language": "French"}